"TestName","Commit001_2026-02-21"
"test_concurrent_routing_reliability","passed"
"test_correct_http_error_codes","passed"
"test_diversity_filter_max_per_artist","failed"
"test_diversity_ratio_in_api_response","passed"
"test_empty_results_graceful_response","passed"
"test_fallback_strategies_activated","failed"
"test_gateway_timeout_isolation","passed"
"test_genre_detection_known_genres","failed"
"test_genre_detection_none_for_unknown","failed"
"test_history_without_existing_profile","failed"
"test_listening_history_saved_with_verification","passed"
"test_profile_json_serialization","failed"
"test_profile_save_and_retrieve","passed"
"test_profile_update_overwrites_correctly","passed"
"test_rapid_request_service_stability","passed"
"test_rate_limit_429_handling","passed"
"test_rate_limit_delay_enforced","passed"
"test_rate_limit_recovery","passed"
"test_recommendation_service_timeout_handling","passed"
"test_service_unavailable_returns_503_not_500","passed"
"test_timeout_configuration_present","failed"
"test_timeout_returns_empty_not_crash","passed"
